Area, CD68/CD163405S, HLA-DR488, CD45568, Hematoxylin, Position X, Position Y, Sphericity, Volume
97.6281, 84.3488, 41.6686, 34.8256, 139.395, 50362.1, 38674.7, 0.74374, 58.1792
80.6606, 67.1103, 133.529, 15.0662, 122.191, 50225.4, 38813, 0.746181, 43.9068
40.8647, 77.3594, 34.75, 14.6406, 137.938, 50426.5, 38611, 0.8277, 18.4972
64.0134, 84.8646, 29.6667, 38.2708, 128.656, 50389.8, 38652.1, 0.717661, 29.2792
151.524, 68.1791, 54.4459, 31.6385, 135.145, 50362.3, 38686.2, 0.694393, 101.485
196.387, 74.9557, 48.1406, 40.2057, 130.148, 50374.5, 38679.5, 0.647153, 134.727
94.2779, 88.5058, 50.2267, 35.1628, 138.093, 50413.7, 38641.2, 0.757534, 56.7534
167.784, 79, 55.734, 35.5032, 135.619, 50374.3, 38688.4, 0.654445, 108.196
31.2182, 99.125, 40.0625, 74.4583, 143.021, 49871.1, 39186.3, 0.883708, 13.6254
37.5991, 69.2679, 125.75, 11.2321, 123.339, 50045.7, 39013.3, 0.844377, 16.8207
48.5457, 71.4211, 29.5789, 50.5921, 144.671, 49949.6, 39111.2, 0.853345, 25.0719
29.0224, 59.5227, 47.2273, 48.6364, 137.841, 50431.1, 38640.2, 0.817625, 10.8694
74.6406, 74.8182, 138.462, 13.8106, 128.682, 50240.7, 38833, 0.802856, 43.6208
130.22, 76.6746, 150.19, 15.6627, 124.381, 50286.2, 38795.7, 0.713781, 84.2628
95.4331, 76.0595, 38.1964, 19.1905, 128.833, 50374.7, 38709, 0.741452, 55.9689
242.711, 68.626, 81.2128, 43.25, 133.252, 50330.1, 38764.8, 0.613061, 170.672
103.319, 79.5156, 40.8906, 45.4063, 135.141, 50421.2, 38676.1, 0.750687, 64.2292
53.8549, 66.4659, 39.3409, 31.7955, 135.352, 50415.5, 38684.8, 0.79213, 26.2003
41.6674, 65.0441, 117.971, 12.7941, 131.279, 50102.6, 38998.9, 0.810164, 18.4428
121.306, 86.8596, 61.4254, 50.5658, 126.952, 50332.7, 38783.9, 0.733735, 78.9595
218.974, 72.5472, 43.6014, 35.7948, 130.222, 50355, 38766.9, 0.618838, 148.33
16.1868, 96.5, 36.9583, 34.2083, 148.5, 49968.9, 39148.7, 0.876828, 5.02789
35.3165, 85.1923, 48.5, 112.442, 140.077, 50285.1, 38848.7, 0.87337, 16.1079
130.417, 68.517, 139.61, 19.75, 124.877, 50176.3, 38964.4, 0.681065, 78.7146
340.381, 70.5789, 51.6682, 36.1875, 133.354, 50374.8, 38775.1, 0.540442, 234.609
62.0973, 72.1923, 39.5481, 65.8942, 136.163, 50347.8, 38810.7, 0.779309, 31.6554
68.3375, 72.8534, 45.6034, 19.25, 131.103, 50174.3, 39002.2, 0.807126, 38.519
114.997, 71.235, 49.18, 45.54, 138.54, 50206, 38982.9, 0.681626, 65.2562
36.7961, 76.2321, 47.0357, 55.6786, 134.536, 50224.6, 38967.9, 0.879732, 17.3182
41.0346, 66.6875, 83.3906, 59.5, 132.094, 50229.7, 38983.8, 0.840143, 19.0339
155.114, 76.4623, 41.5205, 49.3014, 137.332, 50310.1, 38615, 0.654785, 96.2498
43.9482, 75.5694, 32.2222, 45.7222, 135.556, 50416.2, 38504.7, 0.861117, 21.8916
62.4388, 72.9074, 41.8241, 37.8796, 131, 50244.2, 38681.2, 0.799916, 33.1912
61.8884, 86.6538, 40.4038, 25.9615, 144.058, 50317.6, 38611.9, 0.799792, 32.7456
136.545, 72.2421, 37.377, 34.6032, 137.46, 50415.5, 38522.7, 0.693448, 86.6381
96.3098, 92.1667, 33.6726, 27.9405, 134.387, 50366.3, 38576.9, 0.742061, 56.8119
67.176, 90.8793, 47.6897, 27.7414, 135.353, 50268.6, 38672.6, 0.805542, 37.4307
77.3832, 77.3672, 34.4375, 36.0781, 140.078, 50422.9, 38525.7, 0.753917, 41.9015
58.776, 74.7708, 48.6458, 25.5104, 136.229, 50257.8, 38699.1, 0.820183, 31.4731
111.685, 67.9856, 37.524, 59.8654, 140.163, 50320.7, 38640.8, 0.729992, 69.2221
54.3404, 60.4583, 37.8958, 27.3021, 134.708, 50340.1, 38620.2, 0.834747, 28.727
110.284, 85.2245, 47.9388, 37.9643, 137.107, 50319.5, 38653.6, 0.698091, 63.5202
70.8574, 62.9919, 61.9919, 16.621, 133.427, 49952.9, 39018.6, 0.813056, 41.118
178.452, 76.7877, 36.1747, 44.8048, 134.082, 50384.9, 38599.1, 0.582333, 99.6124
40.1613, 71.875, 43.2031, 44.1719, 140.25, 50286.3, 38702.8, 0.84757, 18.6745
198.091, 86.8316, 37.5132, 44.2289, 138.668, 50377.8, 38618.2, 0.632552, 131.891
79.1751, 90.8, 42.8571, 30.3929, 135.043, 50367.6, 38625.3, 0.787784, 46.3199
93.5287, 66.0523, 136.802, 13.814, 123.337, 50211.2, 38800.8, 0.772458, 57.7435
69.8395, 69.3064, 101.766, 11.3629, 132.444, 49767.4, 39013, 0.794459, 38.8627
25.3683, 66.8, 37.725, 22.875, 132.35, 49979.4, 38800.8, 0.878203, 9.88791
106.531, 107.179, 40.9337, 39.6122, 137.077, 50303.6, 38481.8, 0.749104, 67.0352
25.0858, 87.6111, 39.5278, 43, 136.75, 50009.7, 38782.4, 0.911538, 10.282
48.9592, 73.8125, 38.1375, 45.4375, 137.688, 50305.7, 38489.4, 0.842987, 24.9319
99.7772, 68.3913, 85.1902, 5.72283, 128.299, 49754.8, 39048.4, 0.756566, 61.6723
45.9061, 55.8194, 113.403, 15.75, 98.5833, 50376.1, 38426.4, 0.841226, 22.5657
55.7517, 59.7841, 73.3409, 3.68182, 132.091, 49769.6, 39037.5, 0.795784, 27.7878
86.2156, 61.3816, 104.526, 45.4605, 129.645, 50041.3, 38783.2, 0.732693, 47.2101
111.246, 107.428, 38.0769, 29.3077, 136.563, 50304.5, 38520.8, 0.734342, 69.4297
31.2538, 80.9375, 48.875, 27.1458, 128.979, 50411.5, 38412.3, 0.880969, 13.5853
59.1636, 75.2, 37.5, 49.24, 135.32, 50304.3, 38530.7, 0.825513, 32.0953
146.425, 94.3821, 42.3643, 20.8179, 138.471, 50249.1, 38594.7, 0.695518, 96.6404
53.0513, 81.8977, 39.1932, 37.7614, 137.17, 50332.1, 38514.7, 0.832026, 27.5755
31.9486, 101.333, 32.8542, 16.7708, 139.938, 50372.9, 38473.5, 0.908027, 14.6926
67.3672, 87.1583, 42.7833, 23.0583, 137.317, 50265.1, 38587.2, 0.811875, 38.0347
69.6169, 72.9397, 118.75, 32.9741, 117.405, 50341.4, 38522.4, 0.804397, 39.405
141.77, 76.3939, 36.1553, 53.5152, 135.92, 50399.2, 38487.7, 0.675424, 88.1078
16.9549, 66.9583, 37.0833, 17.4167, 136.875, 50195.6, 38692.3, 0.884691, 5.46268
73.1988, 86.25, 31.379, 40.6048, 134.573, 50396.4, 38498, 0.774426, 40.1328
49.446, 101.15, 37.4875, 40.7375, 139.538, 50255.2, 38651.6, 0.839138, 25.1316
187.845, 94.1915, 37.1835, 56.9096, 140.574, 50426.4, 38488.7, 0.66523, 131.35
225.702, 63.5658, 84.8184, 4.81579, 141.147, 50112.6, 38583.7, 0.532377, 123.853
69.136, 71.5667, 50.8333, 26.1333, 128.208, 50300.9, 38387.9, 0.793149, 38.1824
130.404, 66.8402, 87.9918, 4.93033, 137.68, 50148.3, 38550.1, 0.721392, 85.7965
144.054, 60.1629, 76.947, 4.29924, 143.398, 50158.1, 38544.3, 0.658643, 86.9034
47.1926, 61.9605, 76.5658, 4.23684, 142.447, 50190.2, 38507.5, 0.813282, 22.3587
171.069, 67.0783, 85.7922, 9.75, 139.024, 50175.2, 38527.3, 0.671558, 115.787
50.7432, 76.25, 126.159, 13.8523, 131.125, 49955.9, 38742.9, 0.853105, 26.7821
66.9084, 73.2328, 42.1466, 36.8534, 137.259, 50278.8, 38422.5, 0.798902, 36.7482
138.827, 72.5634, 138.325, 16.8955, 122.459, 49955.2, 38753.8, 0.711525, 92.315
94.2852, 64.2727, 127.148, 21.9261, 110.972, 50357.7, 38350.7, 0.762031, 57.2661
91.3316, 79.8631, 43.6429, 40.5179, 137.56, 50344.9, 38370.6, 0.771668, 55.6353
136.162, 59.4221, 82.7746, 4.56967, 136.951, 50127.4, 38592.7, 0.672024, 82.307
28.8779, 123.875, 33.975, 7.875, 128.8, 50401, 38318.7, 0.899883, 12.4567
171.788, 65.234, 89.0064, 4.86538, 139.747, 50139.3, 38590.4, 0.61311, 101.641
249.873, 75.4603, 106.286, 13.6131, 126.373, 50365.9, 38365.7, 0.618069, 180.472
207.177, 102.51, 54.9539, 45.8592, 137.133, 50347.8, 38384.3, 0.652061, 147.644
105.955, 92.4635, 41.3385, 57.3542, 137.99, 50353.9, 38378.9, 0.746215, 66.1073
109.28, 89.6912, 159.216, 18.3333, 133.75, 50200.4, 38535.4, 0.749954, 69.7646
35.7851, 62.1607, 102.661, 21.6071, 131.589, 50001.9, 38730.2, 0.861187, 16.0869
255.578, 86.31, 80.606, 17.806, 129.316, 50375.4, 38368.6, 0.594133, 175.949
96.5625, 82.1389, 144.55, 18.2889, 123.472, 49867.9, 38877.7, 0.76748, 59.9911
78.7312, 56.7857, 89.6714, 6.02857, 128.886, 50312.3, 38436.5, 0.785672, 45.7463
54.7573, 66.4318, 86.3636, 4.59091, 142.977, 50098.4, 38649.1, 0.76694, 25.5905
87.6532, 98.7961, 43.8618, 28.0789, 136.507, 50310.8, 38444.4, 0.763296, 51.4594
150.893, 61.7276, 85.9925, 4.48507, 138.951, 50155.5, 38602.2, 0.643937, 90.0622
72.7697, 66.5859, 68.1719, 30.2578, 129.484, 50378.7, 38387.6, 0.795605, 41.4234
47.3904, 50.7778, 77.9028, 10.2083, 132.736, 50222, 38553.2, 0.73553, 19.3513
18.4553, 74.5833, 54.625, 33.375, 126.875, 50291.4, 38343.6, 0.908437, 6.45502
289.763, 63.1406, 78.3316, 7.2934, 138.387, 50157.1, 38492.6, 0.57352, 201.447
681.877, 62.1258, 81.4097, 4.80161, 141.757, 50129.3, 38534.2, 0.397565, 419.706
240.254, 63.1626, 82.9472, 4.00203, 138.963, 50098.1, 38550.9, 0.620684, 171.233
635.341, 64.3255, 83.4496, 4.4946, 139.663, 50123.1, 38557.8, 0.389625, 366.23
167.906, 77.75, 41.4383, 59.6389, 135.299, 50388.5, 38270.9, 0.674784, 113.401
86.8621, 102.615, 41.6474, 53.8269, 133.256, 50415.7, 38239.3, 0.781966, 52.6382
37.1826, 68.7857, 49.1071, 52.1964, 121.286, 50353.7, 38305.5, 0.860835, 17.028
239.951, 83.6897, 47.3987, 45.8578, 131.591, 50449.8, 38221.7, 0.582705, 155.464
423.973, 61.8739, 78.683, 9.89205, 139.75, 50168.9, 38506.2, 0.527624, 314.606
214.295, 68.0429, 88.3024, 7.36667, 140.207, 50146.9, 38535.3, 0.635442, 149.419
300.754, 80.0097, 151.242, 23.1581, 117.044, 50344.7, 38341.5, 0.581674, 217.576
128.904, 69.0804, 89.7723, 4.70536, 139.71, 50064.8, 38623.1, 0.652841, 72.5911
47.079, 80.4605, 40.1447, 52.0658, 136.974, 50292.9, 38391.8, 0.852716, 23.9178
302.316, 68.5879, 86.0466, 6.11724, 137.386, 50177.3, 38518.4, 0.560318, 207.308
35.1269, 73.2692, 91.4231, 4.63462, 139.442, 50094.8, 38482, 0.825601, 14.6855
54.9569, 72.8043, 91.3478, 5.1087, 137.62, 50041.2, 38540.1, 0.820968, 28.4968
97.8745, 59.0795, 77.4432, 6.19318, 140.114, 49981.4, 38602.8, 0.744529, 58.4926
208.237, 67.4484, 84.8995, 6.27717, 141.011, 50134.5, 38460.5, 0.56626, 120.403
112.311, 57.8265, 73.5765, 4.86225, 139.811, 50194.1, 38402.6, 0.664513, 60.6267
34.3786, 89.2308, 30.4808, 20.6731, 121.327, 50468.6, 38126.9, 0.876914, 15.5647
264.684, 61.4587, 81.7674, 4.0913, 140.837, 50042.7, 38572.7, 0.50809, 146.648
28.9214, 74.125, 65, 81.1042, 135.896, 50442.4, 38164.3, 0.872931, 11.9281
509.303, 66.082, 82.456, 8.55, 139.389, 50148.8, 38476.6, 0.470701, 349.025
34.3948, 80.3214, 59.1607, 30.8214, 135.071, 50313.5, 38297.2, 0.882393, 15.722
71.7991, 95.3145, 48.9032, 44.9516, 134.556, 50321.8, 38294.7, 0.807295, 41.4954
27.0684, 98.7, 34.4, 39.775, 142.625, 50454.6, 38164.3, 0.896285, 11.2367
138.726, 56.7172, 71.8279, 5.02459, 141.824, 50117.6, 38510.6, 0.652916, 81.0582
32.5904, 97.6458, 164.75, 18.3125, 131.646, 50221.9, 38404.3, 0.889512, 14.6769
67.7306, 73.8103, 78.25, 66.4052, 138.741, 50254.9, 38272.4, 0.779109, 36.0453
110.267, 71.7092, 59.4643, 58.9847, 139.755, 50237.8, 38294.4, 0.6915, 62.6077
97.9744, 59.8476, 80.5976, 4.44512, 138.921, 50164.6, 38371.4, 0.676663, 50.7577
45.2945, 78.2895, 47.4868, 102.974, 141.579, 50098.6, 38435.1, 0.849452, 22.4415
154.256, 67.0154, 82.2962, 4.39615, 140.923, 50068, 38473.2, 0.605029, 84.7818
1490.17, 61.1523, 81.0607, 4.65552, 139.968, 49988.5, 38579.6, 0.344194, 1092.28
335.909, 58.9443, 79.0637, 4.63854, 137.654, 50147.2, 38402.3, 0.522893, 218.89
178.314, 62.8671, 66.1835, 46.6266, 125.532, 50466.6, 38077.3, 0.605185, 105.41
47.6991, 97.3875, 41.9875, 51.3375, 146.788, 50273, 38269.3, 0.839791, 23.8395
156.385, 57.9824, 75.3521, 4.16901, 140.81, 50035.5, 38513.4, 0.666262, 100.008
116.238, 73.5745, 89.4149, 4.5, 142.686, 50077.1, 38473.4, 0.642989, 60.758
84.5139, 93.4872, 51.891, 46.8205, 137.609, 49837.5, 38711.2, 0.778309, 50.1643
139.319, 82.246, 124.222, 47.25, 137.718, 50231.1, 38320.6, 0.671321, 85.052
397.094, 60.7381, 77.9732, 14.0908, 139.046, 50187.8, 38379, 0.440529, 217.558
163.188, 74.5811, 43.1757, 39.9223, 130.155, 50480.2, 38078.9, 0.623482, 96.5033
241.585, 66.0154, 84.1996, 4.30482, 140.055, 50038, 38523.1, 0.596356, 162.606
44.6406, 82.7778, 39.4861, 90.4306, 137.375, 50254.7, 38307.6, 0.845998, 21.8234
196.036, 111.419, 171.098, 20.1818, 133.987, 50336.3, 38236, 0.659922, 138.362
43.6669, 81.7059, 45.3529, 113.456, 145.441, 50235.1, 38335.9, 0.856221, 21.4972
78.3965, 63.5156, 38.3594, 50.4844, 139.266, 50209.3, 38367.2, 0.695329, 37.8447
333.881, 83.0766, 110.886, 54.5173, 134.47, 50273.5, 38207.9, 0.569741, 246.705
73.6925, 86.6641, 89.6484, 56.625, 140.422, 50238.7, 38232.6, 0.796986, 42.3238
74.1659, 99.8864, 49.25, 26.2197, 133.833, 49762.8, 38713, 0.797881, 42.8043
68.1373, 99.85, 37.7583, 38.5667, 145.108, 50397.4, 38078, 0.811257, 38.6446
135.38, 82.0227, 60.4962, 65.1288, 135.962, 50253.7, 38225.5, 0.715495, 89.6427
246.901, 66.0332, 84.8606, 6.05088, 141.414, 50097.6, 38397.2, 0.560366, 153.027
80.4634, 76.3714, 54.7643, 28.2643, 134.05, 50443.2, 38047, 0.771273, 45.971
366.837, 63.9, 77.1111, 6.85, 139.469, 49962.1, 38538.1, 0.528127, 253.566
273.73, 67.6289, 85.793, 4.89453, 139.393, 49964.5, 38549.3, 0.555259, 176.198
93.1948, 66.6364, 84.6591, 5.81818, 138.403, 50120.6, 38392.8, 0.767291, 56.8593
93.1677, 91.1105, 36.6279, 21.1919, 139.919, 50413.3, 38100.5, 0.770063, 57.1428
395.599, 66.2101, 83.004, 6.17952, 139.806, 50116.9, 38409.3, 0.501741, 262.951
597.6, 64.082, 85.2548, 7.40514, 136.297, 50133.9, 38399.6, 0.471972, 445.415
732.516, 62.1331, 79.9582, 4.61261, 140.434, 49967.7, 38570.2, 0.410657, 490.59
42.7323, 81.4306, 44.8472, 22.4583, 137.653, 50343.6, 38174.3, 0.859073, 20.9148
125.633, 67.0714, 86.9688, 5.28571, 138.406, 50114.4, 38317.1, 0.680692, 74.363
142.504, 64.3047, 66.2891, 86.7891, 130.328, 50265.4, 38174.8, 0.648439, 83.525
43.1093, 61.9412, 61.2059, 32.5882, 127.897, 49824.6, 38615.8, 0.838918, 20.4508
41.4112, 62.8824, 64.4118, 7.66176, 135.676, 49887.5, 38552.6, 0.851027, 19.6728
282.314, 83.3193, 135.772, 66.635, 136.953, 50260.9, 38195.6, 0.563669, 188.76
40.4297, 79.7969, 55.3594, 71.7656, 143.172, 50192.8, 38252.6, 0.843516, 18.7268
245.828, 63.0313, 80.0792, 23.2271, 139.685, 50081.6, 38377.1, 0.597093, 167.219
116.997, 63.4811, 55.2594, 33.4623, 127.698, 50478.1, 37974.5, 0.692105, 68.516
152.575, 82.976, 145.072, 17.4212, 120.123, 50418, 38037.8, 0.689095, 101.372
68.0502, 70.9569, 43.1034, 56, 134.957, 49806.5, 38647.2, 0.795471, 37.4502
74.5006, 61.4286, 67.1786, 30.7232, 120.429, 50507.6, 37949.3, 0.685696, 34.333
90.3302, 70.5641, 123.391, 32.5641, 122.763, 50413.4, 38043.2, 0.750099, 52.4446
144.07, 72.6643, 116.325, 22.4679, 117.393, 50332.1, 38127.8, 0.702129, 95.666
30.2753, 87.2955, 36.9773, 57.8182, 139.295, 50444.8, 38010.8, 0.898435, 13.3394
257.107, 58.9444, 77.4444, 13.9124, 140.647, 50134.6, 38333.7, 0.549536, 157.921
81.2047, 94.3681, 147.479, 43.8611, 136.875, 50245.7, 38213.1, 0.79706, 48.9645
88.2565, 75.609, 47.5962, 38.8269, 133.391, 50412.5, 38050.2, 0.771002, 52.7809
55.1551, 80.0543, 48.4348, 35.4783, 136.315, 50505.5, 37955.7, 0.818349, 28.5142
34.9863, 82.2679, 38.3393, 59.4821, 138.089, 49860.3, 38601, 0.878673, 16.0274
136.134, 76.1289, 70.0313, 23.9961, 125.359, 50482.5, 37985.8, 0.693532, 86.263
144.052, 71.2821, 105.432, 38.3536, 118.793, 50327.5, 38140.4, 0.692689, 93.7256
102.922, 63.3444, 82.3667, 12.7167, 139.556, 50166.8, 38302.9, 0.695916, 56.9991
579.939, 71.2318, 111.302, 58.6753, 136.806, 50272, 38130, 0.463513, 414.419
347.541, 68.648, 104.695, 59.0805, 137.741, 50260.7, 38133.5, 0.548935, 247.778
30.0005, 78.3636, 44.7273, 39, 139.386, 50310.5, 38071.8, 0.892701, 13.0325
65.5935, 72.037, 85.3056, 4.89815, 145.324, 49983.6, 38403.8, 0.757723, 32.9481
293.548, 73.1, 125.707, 19.3259, 136.391, 50046, 38355.8, 0.568788, 202.871
131.606, 65.3103, 86.9224, 4.87931, 141.397, 50101.6, 38308.1, 0.664614, 76.9207
34.642, 72.5, 91.6923, 33.2885, 141.712, 50016.2, 38387.4, 0.866587, 15.4667
41.4804, 58.3529, 89.6618, 20.3088, 133.632, 50448.6, 37961.5, 0.830026, 18.9966
38.1293, 80.9667, 36.4167, 39.3, 135.717, 50409.1, 38000.8, 0.868979, 17.9339
205.904, 72.12, 99.1925, 55.5375, 137.503, 50236.1, 38183.4, 0.620045, 135.646
33.8281, 78.4545, 47.9091, 46.7955, 145.977, 50333.9, 38087.3, 0.789624, 12.9814
479.051, 66.087, 83.9758, 10.2346, 139.737, 50064.6, 38372.6, 0.467425, 315.075
101.361, 89.5978, 45.1739, 94.0598, 139.94, 50222.8, 38204.4, 0.752215, 62.6028
175.384, 68.3705, 78.1295, 96.0331, 137.949, 50276, 38153.7, 0.646327, 113.485
73.2102, 73.3672, 76.4453, 68.6328, 141.438, 50283.7, 38145.8, 0.777694, 40.3965
68.1833, 70.675, 111.608, 21.0167, 123.583, 50508.8, 37835.8, 0.813138, 38.8184
1772.98, 64.7166, 85.118, 12.7211, 137.714, 50049.6, 38341.9, 0.320551, 1274.02
162.213, 71.1993, 127.264, 60.9662, 134.226, 50258.8, 38099.8, 0.653889, 102.721
171.506, 61.35, 132.559, 17.3031, 100.359, 50319, 38039.9, 0.646516, 109.79
240.929, 70.8533, 75.2707, 76.626, 140.512, 50284.6, 38079.7, 0.620586, 171.913
215.301, 79.0333, 128.733, 61.8167, 135.562, 50199.3, 38164.8, 0.617657, 144.2
120.037, 60.2634, 79.1116, 64.3393, 125.982, 50485.4, 37874.8, 0.716531, 75.0068
42.7443, 94.8235, 38.1912, 46.7353, 145.235, 50143.7, 38213.3, 0.869538, 21.307
283.864, 66.8942, 114.328, 65.3704, 135.608, 50266.2, 38103.6, 0.566967, 191.989
54.667, 66.5217, 112.761, 27.5761, 133.533, 49828.4, 38533.7, 0.836811, 29.0939
272.782, 68.6734, 119.288, 68.1478, 134.391, 50280.3, 38090.1, 0.598817, 196.309
166.799, 74.2975, 101.706, 42.076, 138.946, 50193.9, 38173.7, 0.661506, 108.984
722.382, 59.2205, 78.5871, 5.25702, 139.691, 50097.7, 38285.6, 0.419117, 495.367
82.9862, 71.223, 37.5946, 32.1757, 143.797, 50354.8, 38010, 0.758809, 46.9874
243.683, 70.8909, 91.7262, 63.0337, 139.645, 50220.1, 38151.6, 0.621709, 175.345
215.829, 66.4952, 103.521, 69.5119, 138.81, 50248.7, 38124.6, 0.628132, 148.427
72.4549, 77.1371, 41.5161, 45.3064, 136.25, 50363.6, 38008, 0.768978, 39.1063
111.734, 70.8019, 104.642, 28.7028, 121.613, 50513.9, 37861.1, 0.736792, 70.238
556.745, 65.6386, 103.432, 87.8781, 137.446, 50277.1, 38109.6, 0.480806, 411.825
176.655, 82.5244, 47.8811, 19.6433, 131.323, 50325.2, 38056.3, 0.637904, 112.485
212.551, 76.5466, 112.319, 74.1201, 137.373, 50246.8, 38134.9, 0.636804, 148.073
368.479, 82.6466, 122.351, 79.8717, 136.893, 50241.6, 38145.4, 0.554143, 274.364
56.1683, 67.1818, 36.375, 60.5, 147.614, 50182.9, 38194.1, 0.790256, 27.8075
210.028, 79.8538, 126.342, 19.3231, 131.415, 50022.1, 38365.1, 0.647157, 149.006
2205.47, 67.1352, 88.896, 8.74031, 137.533, 50037.4, 38302.2, 0.318013, 1746.6
52.6062, 76.9205, 72.3864, 67.2045, 143.807, 50278.7, 38018.7, 0.815908, 26.4418
81.0734, 80.1912, 137.846, 37.8015, 127.324, 49777.9, 38521.4, 0.780923, 47.37
121.57, 62.2759, 87.4828, 14.5948, 121.259, 50303.1, 37997.8, 0.730988, 78.7736
114.252, 69.7806, 112.648, 56.2602, 125.908, 50486.4, 37816.8, 0.691952, 66.0973
175.366, 76.7353, 127.2, 42.7382, 127.315, 49775.2, 38530.1, 0.657562, 116.438
53.522, 74.625, 135.364, 48.9318, 135.273, 49904.6, 38396.9, 0.814221, 27.0511
130.774, 70.0551, 84.6441, 77.9407, 134.314, 50250.2, 38055.6, 0.690156, 80.6266
127.389, 61.6557, 112.09, 40.127, 139.008, 50274.3, 38035.4, 0.714168, 81.5967
125.213, 81.8432, 129.636, 24.6992, 133.203, 49858.7, 38453, 0.722154, 80.852
78.3218, 79.8786, 129.143, 35.6429, 130.779, 50482.3, 37827.9, 0.79825, 46.4843
124.065, 64.3795, 81.4464, 5.41518, 134.134, 49965.5, 38348, 0.716792, 78.8564
460.142, 63.8435, 85.0217, 5.6, 138.136, 50048.2, 38276.1, 0.505376, 333.452
62.5386, 68.1019, 91.6481, 65.7593, 136.417, 49773.3, 38541.6, 0.81161, 34.003
93.3989, 87.8571, 51.5238, 66.256, 144.333, 50154.7, 38163.2, 0.760822, 56.3263
261.097, 65.5156, 83.3047, 5.6582, 136.34, 49972.2, 38353.6, 0.597468, 183.21
68.8453, 86.2581, 45.121, 15.8468, 141.637, 50299.7, 38020.5, 0.793168, 37.9431
1229.41, 61.0948, 84.3634, 12.7976, 137.855, 50069.7, 38285.4, 0.373485, 925.186
89.5652, 74.1488, 108.464, 21.2024, 107.018, 50507.6, 37818.4, 0.774432, 54.3197
371.672, 64.3644, 85.5777, 28.1596, 139.763, 50019.8, 38319.9, 0.52193, 254.058
288.604, 65.1415, 90.8566, 78.2371, 139.761, 50234.8, 38113, 0.549766, 187.929
75.7399, 70.4219, 50.3203, 61.7266, 137.633, 49863.5, 38477.9, 0.76811, 41.725
1706.19, 64.7525, 85.5509, 9.87625, 137.484, 50053.2, 38318.4, 0.339902, 1313.24
105.917, 81.4219, 120.839, 73.3125, 135.172, 50201.3, 38141.2, 0.740296, 65.2871
380.554, 72.8855, 111.321, 80.0553, 136.075, 50267.3, 38087.4, 0.533395, 271.939
226.149, 81.2658, 118.349, 71.7883, 136.417, 50202.4, 38148.7, 0.610581, 152.575
51.3451, 89.8452, 55.8929, 90.2024, 137.226, 50158.4, 38185.1, 0.850173, 27.1196
638.224, 62.0926, 77.891, 6.26817, 139.886, 49989.1, 38373, 0.405615, 391.656
44.9847, 74.3235, 51.8824, 41.8529, 138.338, 49859.6, 38484.2, 0.855324, 22.4423
95.2438, 59.2024, 88.9524, 19.0714, 130.637, 49875.3, 38395.1, 0.732621, 54.8085
97.8991, 72.0056, 43.8333, 57.5111, 139.728, 50166.7, 38103.1, 0.738129, 57.7618
95.6268, 67.1818, 62.7159, 22.2614, 129.625, 50305.4, 37963.9, 0.766644, 59.0247
190.338, 81.4375, 84.712, 49.5815, 138.663, 50272.3, 38002.6, 0.642273, 127.099
68.3388, 71.3917, 129.317, 28.4167, 124.608, 50428.7, 37843.6, 0.821684, 39.5669
905.35, 69.6992, 87.6186, 6.50726, 135.337, 50012.4, 38287.3, 0.36442, 563.511
139.641, 69.2955, 123.076, 49.5644, 129.087, 49880.6, 38402.2, 0.697596, 90.4064
122.528, 66.3661, 85.8393, 6.50893, 136.996, 49950.5, 38334.6, 0.686189, 72.4927
4221.19, 61.9556, 82.3706, 6.48847, 138.919, 50094.3, 38246.8, 0.24361, 3100.77
183.951, 77.9128, 116.817, 27.3605, 121.974, 50456.2, 37832, 0.630936, 117.573
281.075, 70.1958, 111.131, 23.6573, 133.855, 49825.8, 38466.1, 0.581708, 196.591
85.3147, 72.1, 46.5429, 56.85, 139.65, 50195.2, 38093.3, 0.718229, 45.1028
125.999, 80.3289, 98.2939, 9.62719, 139.031, 49997, 38293.2, 0.691763, 76.5172
213.042, 79.4566, 42.1964, 61.4949, 142.309, 50147.9, 38150, 0.586612, 131.37
124.367, 88.775, 142.25, 29.7208, 128.367, 50440.8, 37850.6, 0.724611, 80.4436
214.065, 65.158, 87.4717, 6.69575, 135.682, 49957.4, 38343.5, 0.637909, 150.048
110.823, 89.8077, 36.3173, 35.625, 144.231, 50120.6, 38175.1, 0.746414, 70.7437
143.836, 62.9659, 100.023, 28.3144, 125.337, 50470.8, 37829.4, 0.659275, 86.8314
59.2121, 79.01, 41.66, 40.55, 134.7, 49803.7, 38399.9, 0.822703, 31.9708
37.7859, 84.3906, 33.3281, 59.4375, 141.672, 49746.6, 38458.2, 0.874202, 17.852
159.461, 70.4783, 84.0326, 6.65942, 141.359, 49949.8, 38262.4, 0.599988, 87.9973
34.5934, 79.7885, 38.5962, 38.9615, 133.346, 49802.3, 38407, 0.873427, 15.6172
76.2662, 76.3333, 131.038, 18.5, 127.659, 50454.1, 37759.1, 0.791298, 44.0841
99.967, 74.8816, 87.2895, 5.89474, 140.138, 49988.4, 38228, 0.641382, 48.2763
67.1833, 68.1983, 105.259, 29.4138, 130.716, 50463.2, 37750.8, 0.805997, 37.4685
40.4377, 62.6094, 80.8125, 5.53125, 143.859, 49974.9, 38241.3, 0.865638, 19.4741
66.7084, 74.3448, 106.095, 39.1034, 135.586, 49928.9, 38293.9, 0.815988, 37.7633
50.6082, 84.925, 45.3, 71.1875, 142.625, 50216.6, 38006.2, 0.846061, 26.3456
60.9964, 70.2308, 53.2981, 37.6058, 135.058, 50281.5, 37945.2, 0.796224, 31.8261
39.6344, 77.9833, 67.2667, 49.2333, 125.8, 49872.8, 38353.1, 0.874963, 19.2029
37.8778, 86.3167, 38.7167, 77.5333, 137.667, 50097.7, 38130.1, 0.876038, 17.9737
66.5307, 65.1034, 94.4828, 17.4483, 137.664, 50197.2, 38036, 0.810443, 37.2298
78.4958, 109, 65.5429, 48.7214, 136.586, 49897.8, 38337, 0.804122, 47.1549
180.914, 64.7385, 57.931, 73.1724, 139.342, 50218.7, 38027.1, 0.64299, 117.975
81.463, 70.9236, 90.9514, 6.13889, 140.924, 49967.1, 38277.6, 0.768252, 46.5554
227.03, 73.9322, 118.909, 24.9907, 124.521, 50451.8, 37800.3, 0.591226, 146.227
35.4256, 72.3393, 150.446, 16.125, 111.625, 49748, 38501.6, 0.870173, 16.0938
35.2439, 75.2115, 61.8077, 44, 136.981, 50319, 37778.4, 0.867487, 15.8962
50.3449, 67.1932, 97.7955, 14.5455, 120.42, 50452.9, 37671.2, 0.842031, 25.9537
34.0758, 86.1071, 136.375, 16.7321, 130.321, 50239.1, 37884.7, 0.875411, 15.3201
72.3189, 92.0564, 38.5564, 34.9194, 145.097, 50117.4, 38020.1, 0.781989, 39.9901
9.23598, 58.6667, 42.4167, 67.4167, 138, 49829.2, 38313.2, 0.679675, 1.47894
35.3487, 80.1964, 44.0179, 78.4643, 136.696, 50096.6, 38048.2, 0.878154, 16.2626
349.129, 65.1048, 80.1347, 5.92066, 135.21, 49897, 38267.2, 0.513939, 226.005
172.26, 82.2912, 151.791, 15.7441, 121.291, 50305.9, 37853.8, 0.680093, 119.235
66.1427, 61.5179, 108.759, 32.9643, 121.973, 50434.7, 37731.6, 0.779613, 34.819
146.638, 74.6341, 89.7464, 18.3261, 136.507, 49892.8, 38276.7, 0.691359, 95.9837
199.569, 60.3447, 77.5184, 6.49474, 135.826, 49886.8, 38286.7, 0.617569, 128.66
362.418, 63.375, 80.2131, 11.9446, 135.099, 49902.5, 38282.4, 0.521598, 244.395
39.8736, 67.2679, 92.6429, 5.80357, 137.857, 49929.2, 38245.5, 0.73727, 14.988
113.653, 100.745, 37.0144, 62.3702, 141.591, 50094.8, 38090.5, 0.715409, 68.9407
154.83, 72.7842, 37.7192, 51.024, 141.027, 50193.8, 37998.6, 0.670329, 99.4237
47.1462, 87.3684, 31.5921, 71.5921, 138.25, 50103.3, 38084.5, 0.866841, 24.567
68.925, 75.0357, 41.3929, 97.0714, 140, 50189, 38006.3, 0.766278, 36.0927
277.633, 64.5059, 89.8828, 5.57031, 134.104, 50330.4, 37666.6, 0.531645, 168.621
114.347, 58.0425, 102.226, 14.4198, 127.203, 50392.7, 37607.3, 0.722041, 70.5427
126.182, 60.0805, 119.475, 11.5339, 130.894, 50251, 37765.1, 0.70577, 79.0247
215.074, 64.9742, 90.8737, 5.85825, 136.088, 50340.9, 37681.3, 0.58526, 132.794
128.784, 78.2, 101.387, 6.28333, 133.821, 50350.6, 37679.5, 0.718808, 83.7498
72.6578, 77.8203, 133.664, 11.6328, 131.313, 50363.6, 37670, 0.792117, 41.0564
126.703, 69.7888, 93.5086, 5.65948, 133.931, 50343.9, 37695.4, 0.693029, 77.371
132.696, 66.3661, 85.5223, 6.33482, 137.871, 50346.9, 37703.9, 0.623596, 70.7804
58.6533, 57.4545, 87.4659, 11.375, 121.67, 50422.7, 37650.2, 0.709832, 25.2608
149.427, 63.5493, 100.792, 16.0634, 138.433, 50370.3, 37721.2, 0.668937, 93.971
856.202, 65.8488, 89.494, 28.97, 140.576, 50475.3, 37390.9, 0.427388, 658.222
193.164, 73.8079, 128.653, 33.6842, 130.734, 50292.2, 37561.3, 0.644375, 130.578
125.519, 84.1059, 143.059, 42.4873, 124.034, 50400.3, 37454, 0.719923, 80.7734
35.7612, 61.8036, 43.5, 69.6964, 137.143, 50520.7, 37333.2, 0.866157, 16.2101
184.332, 56.8462, 92.8407, 14.2637, 131.659, 50127.4, 37740.1, 0.652852, 124.136
365.192, 69.461, 94.0054, 21.1008, 138.56, 50463.2, 37409.8, 0.553076, 269.919
524.619, 69.2609, 94.4536, 25.62, 143.154, 50507.3, 37376.7, 0.491406, 389.224
408.517, 66.1197, 89.0735, 20.545, 138.675, 50473, 37410, 0.542673, 310.382
148.069, 76.6268, 134.482, 22.1884, 132.895, 50369.5, 37509.2, 0.686765, 96.4232
116.501, 82.0245, 134.603, 15.4657, 130.314, 50367.1, 37519, 0.704631, 69.9378
408.965, 65.92, 91.4655, 19.8288, 142.58, 50516.2, 37399, 0.513288, 285.987
269.573, 68.531, 93.6606, 14.8686, 140.569, 50497.9, 37422.2, 0.598821, 192.857
318.163, 63.4, 84.779, 9.91774, 143.021, 50498.6, 37438.9, 0.55146, 218.534
179.651, 64.9706, 84.4176, 17.7588, 136.956, 50511.4, 37422.4, 0.653085, 119.502
200.41, 69.2421, 137.042, 13.1816, 124.653, 50369.8, 37566.3, 0.621851, 130.822
235.456, 64.75, 85.4624, 16.5044, 137.277, 50507.5, 37429.8, 0.616588, 164.487
89.4071, 58.8846, 80.4231, 24.5064, 135.404, 50528.3, 37407, 0.731306, 49.7142
83.7944, 71.5286, 87.05, 13.3929, 131.95, 50522.6, 37414.5, 0.73413, 45.3686
127.508, 69.4322, 137.246, 13.3432, 123.903, 50390.1, 37565.9, 0.701438, 79.5362
146.277, 73.9167, 137.295, 22.1856, 127.314, 50383.2, 37590.8, 0.651848, 87.5503
346.347, 65.467, 92.852, 5.66092, 135.8, 50214.1, 37566.9, 0.545702, 244.328
86.3573, 72.6346, 114.269, 60.9103, 139.071, 50449.8, 37323.8, 0.755103, 49.5144
43.1267, 73.7059, 141.059, 35, 118.441, 50437.6, 37344.6, 0.873585, 21.7446
189.661, 74.5718, 141.396, 42.7367, 123.878, 50418.3, 37374.8, 0.66656, 133.659
757.366, 101.678, 188.777, 29.9393, 118.211, 50415.9, 37388.9, 0.46374, 618.934
88.7475, 61, 87.5694, 5.18056, 134.618, 50234.2, 37557.8, 0.713794, 47.4097
114.099, 86.8868, 153.835, 23.0189, 127.991, 50307.3, 37485.3, 0.740106, 72.9687
114.591, 63.4028, 122.102, 13.1435, 120.616, 50106.5, 37688.4, 0.729518, 71.8708
55.9377, 70.5217, 120.522, 8.67391, 127.674, 50486, 37314.2, 0.82414, 29.4328
290.11, 87.2908, 144.43, 48.9031, 129.888, 50478.9, 37335.3, 0.579018, 204.718
46.933, 63.0658, 55.0132, 58.4605, 133.895, 50557.2, 37253.3, 0.806804, 21.9101
411.987, 91.135, 151.772, 52.0859, 124.984, 50450.3, 37373.4, 0.550022, 320.752
171.535, 69.6605, 104.349, 77.3827, 134.605, 50475.4, 37347.7, 0.641791, 108.616
63.2295, 65.9167, 57.0463, 98.8056, 140.583, 50542.6, 37277.7, 0.795123, 33.52
47.3085, 90.5789, 62, 84.9342, 132.5, 50537.9, 37282.9, 0.857385, 24.291
139.126, 85.043, 92.0664, 87.6484, 136.227, 50539.1, 37301.3, 0.68711, 87.8872
310.115, 90.2288, 130.283, 40.3513, 135.227, 50483.6, 37367.3, 0.562646, 216.726
145.93, 75.3532, 102.385, 6.75, 127.103, 50051.2, 37627.6, 0.602622, 77.5462
367.789, 88.8731, 171.726, 20.5716, 126.058, 50407.4, 37281.3, 0.570473, 285.776
161.337, 83.6678, 147.589, 36.8454, 129.5, 50379.2, 37315.2, 0.65187, 101.418
36.7699, 81.6333, 72.1833, 12.2833, 141.45, 50236.8, 37454.5, 0.86942, 16.9964
91.7017, 76.5793, 136.372, 42.1402, 131.122, 50309.8, 37384.9, 0.764857, 55.2345
145.571, 73.087, 105.645, 60.7609, 133.696, 50317, 37382.9, 0.701469, 97.0289
78.1328, 73.9297, 94.0078, 5.84375, 118.922, 50057.6, 37641.4, 0.758389, 42.8906
317.793, 72.695, 96.8679, 6.24057, 119.869, 50067.8, 37642.1, 0.553596, 219.422
146.208, 75.0616, 129.406, 59.1486, 132.054, 50330.3, 37376, 0.670934, 91.3588
129.378, 62.1422, 126.866, 47.9526, 120.323, 50347.7, 37360.9, 0.676529, 77.0003
160.067, 81.2535, 56.9688, 81.25, 135.34, 50477.1, 37234, 0.630378, 95.3074
40.6367, 85.6563, 107.516, 51.5625, 137.141, 50519.3, 37184.9, 0.858635, 19.3805
130.844, 61.2037, 108.856, 30.2685, 131.125, 50409.4, 37312.3, 0.625007, 69.5394
244.107, 73.2008, 138.429, 29.5807, 131.252, 50401.8, 37324.2, 0.618397, 174.399
40.6738, 62.1875, 45.2656, 99.9063, 127.453, 50493.4, 37227.3, 0.813189, 17.8868
168.963, 65.3281, 110.709, 35.6375, 132.95, 50417, 37309.9, 0.65034, 108.311
84.9615, 72.0068, 131.291, 51.8581, 127.899, 50365, 37359.7, 0.758485, 48.6438
43.6305, 99.7917, 62.1667, 85.6944, 142.611, 50529.4, 37194.4, 0.852622, 21.335
264.862, 69.2598, 127.988, 45.9055, 125.758, 50436.4, 37303.1, 0.567327, 173.203
180.751, 67.1951, 107.57, 53.0396, 126.704, 50480.2, 37259.4, 0.618825, 111.237
156.853, 65.3592, 73.0599, 53.5352, 130.884, 50372.9, 37380.8, 0.637634, 94.0528
68.7733, 68.07, 89.25, 66.1, 134.52, 50500.4, 37252.4, 0.676831, 29.8623
398.091, 71.5072, 122.086, 58.1794, 125.069, 50468.5, 37294.9, 0.537033, 293.933
98.4672, 71.5489, 119.212, 42.5761, 130.457, 50427.5, 37331.8, 0.7528, 60.011
110.261, 80.9363, 143.75, 37.0294, 127.407, 50287.7, 37473, 0.738696, 69.12
139.696, 57.5202, 82.9839, 5.60484, 137.21, 50196.5, 37566.4, 0.641018, 79.6812
40.8813, 75.5156, 57.2969, 41.9844, 135.406, 50452.3, 37127.3, 0.8632, 19.7119
447.802, 87.1417, 158.863, 31.7708, 126.4, 50262.8, 37341.5, 0.535436, 349.111
54.9363, 80.6848, 130.283, 57.3478, 139.685, 50312.6, 37278.2, 0.828432, 28.8701
86.3187, 65.7162, 90.6622, 33.9797, 136.568, 50277.2, 37316.4, 0.737443, 47.7556
81.0688, 71.8714, 118.521, 77.55, 126.079, 50511.9, 37083.1, 0.746784, 44.2942
70.8576, 87.2177, 155.411, 48.4032, 124.556, 50308.8, 37289, 0.811366, 40.99
82.1931, 82.3958, 132.681, 47.8403, 124.743, 50516.1, 37095.9, 0.763526, 46.748
23.5792, 70.7222, 42.6389, 34.4722, 125.5, 50542.7, 37067.3, 0.886378, 8.98455
149.579, 79.0916, 139.025, 38.3134, 131.701, 50318.3, 37303.3, 0.684465, 97.4108
60.9041, 78.75, 49.8269, 64.4808, 138.971, 50474.8, 37144.6, 0.821556, 33.2812
100.42, 66.0976, 50.9451, 99.4878, 133.982, 50526.3, 37095.2, 0.668444, 51.7132
139.557, 75.3164, 128.109, 35.7891, 130.262, 50424, 37203.8, 0.656643, 82.4888
98.0404, 86.9167, 138.106, 43.5111, 126.144, 50503.2, 37123.3, 0.760626, 60.5533
66.6034, 83.5862, 56.3103, 52.8793, 140.483, 50490.9, 37136, 0.802893, 36.7709
152.563, 70.6056, 117.162, 25.581, 131.289, 50330, 37306.3, 0.664046, 95.8841
237.044, 65.8473, 123.546, 40.0022, 126.996, 50299.5, 37337.4, 0.591998, 156.314
70.4853, 81.4355, 76.5242, 58.1855, 138.073, 50455.1, 37176.7, 0.805801, 40.2498
73.3209, 63.5547, 109.43, 29.2188, 132.453, 50350, 37283.8, 0.743886, 37.8769
83.9779, 66.0074, 110.912, 21.0441, 130.529, 50438.7, 37198.2, 0.687918, 41.2883
59.9852, 83.9135, 147.856, 40.75, 128.538, 50448.9, 37185.8, 0.826984, 32.8538
39.4082, 75.5667, 46.9833, 101.233, 136.283, 50523.7, 37110.1, 0.87666, 19.0942
67.6997, 67.1417, 106.033, 42.4667, 130.142, 50455.9, 37185.1, 0.802813, 37.6769
238.859, 67.9408, 97.2982, 8.49123, 131.397, 50043.2, 37613.5, 0.582497, 154.321
87.2478, 81.775, 143.25, 49.475, 131.1, 50308.8, 37343.2, 0.777357, 52.5214
102.554, 63.1012, 122.774, 17.7917, 127.994, 50271.1, 37384.6, 0.660301, 52.3979
136.147, 66.377, 141.071, 14.2817, 122.421, 50407.7, 37250.3, 0.69348, 86.2654
424.742, 84.4901, 152.951, 32.4024, 129.099, 50390, 37276.9, 0.541531, 328.018
124.972, 69.9784, 117.966, 38.6466, 133.629, 50357.3, 37302.7, 0.700896, 77.0857
72.8661, 58.2656, 121.008, 11.2891, 127.773, 50415.1, 37247.5, 0.79186, 41.213
37.9457, 63.8167, 119.567, 33.6167, 127.3, 50326.3, 37337.9, 0.877924, 18.0802
32.774, 68.5192, 53.3462, 70.25, 137.538, 50538.8, 37128.4, 0.88553, 14.7019
153.152, 63.4929, 114.761, 49.5857, 129.825, 50349.6, 37326.9, 0.657488, 95.0146
82.8425, 94.1892, 33.7095, 22.4189, 141.608, 50105.3, 37287.1, 0.776467, 48.5107
86.8748, 63.9054, 47.777, 90.7635, 138.304, 50275, 37170.9, 0.72391, 46.8966
88.1943, 102.799, 52.2012, 35.5915, 139.829, 50436.2, 37055.5, 0.785325, 54.2011
52.3057, 75.0568, 128.545, 19.8409, 138.716, 50259.9, 37233.8, 0.819045, 26.3669
76.7302, 55.4545, 82.947, 13.5682, 138.22, 50414.9, 37116.4, 0.779006, 43.4545
50.7071, 87.9286, 55.0357, 17.2381, 141.179, 50078.9, 37452.1, 0.848761, 26.5494
232.722, 72.6849, 134.582, 26.3634, 127.359, 50259.6, 37290.4, 0.629818, 166.86
55.6211, 78.4792, 140.135, 37.6042, 130.917, 50289.7, 37274.6, 0.818139, 28.8652
83.7011, 70.1316, 56.4737, 75.6513, 137.138, 50510.5, 37062.1, 0.769159, 48.573
27.5612, 69.9722, 55.3611, 14.9167, 135.472, 50028.1, 37547.9, 0.873436, 11.1063
119.231, 60.1991, 113.083, 9.4537, 136.486, 50317, 36895, 0.697297, 71.2829
108.417, 74.2908, 58.0204, 47.6684, 135.638, 50417.8, 36796, 0.727325, 65.8437
40.4045, 67.4118, 68.1471, 9.91177, 138.544, 50240.1, 36975.7, 0.865665, 19.4511
83.5538, 65.8026, 58.8158, 26.5658, 140.197, 50278.3, 36944.3, 0.762315, 47.7996
65.2844, 75.7315, 45.037, 40.0556, 139.815, 50334.8, 36900.6, 0.777894, 34.0305
174.289, 104.425, 36.4578, 40.259, 138.169, 49885.3, 37360.4, 0.654691, 114.613
138.671, 69.3306, 59.7903, 47.8105, 130.194, 50456.3, 36792.6, 0.654644, 81.3315
74.0144, 78.947, 71.1364, 41.3788, 131.386, 50425.9, 36837.4, 0.790084, 42.0493
65.2349, 78.8017, 59.4483, 11.9569, 133.207, 49918.9, 37348.5, 0.822253, 36.9404
157.616, 63.5635, 86.1587, 4.84921, 140.23, 50060, 37228.4, 0.563352, 78.6766
67.6467, 68.8362, 96.819, 5.5431, 139.75, 50080.3, 37207, 0.782511, 36.2142
97.3401, 78.3778, 38.6611, 51.8889, 140.617, 50222.8, 36939.2, 0.762401, 60.1155
52.6201, 69.375, 39.0341, 53.8864, 142.432, 50243.2, 36921.1, 0.822352, 26.7663
65.3006, 69.287, 88.6481, 4.52778, 141.611, 49966.3, 37210.4, 0.758829, 32.7994
209.625, 61.2174, 85.6522, 30.7228, 127.918, 50455.8, 36728.6, 0.567829, 122.114
80.9703, 73.8382, 73.7059, 26.2206, 140.235, 49879.3, 37311.8, 0.744342, 43.9968
100.428, 61.2062, 112.156, 21.7875, 134.019, 50335, 36864.8, 0.657471, 50.4512
85.3609, 77.3782, 116.897, 53.8974, 136.071, 49887.2, 37313, 0.785732, 51.6504
52.8396, 53.4643, 87.1548, 5.40476, 131.024, 50189.2, 36857.3, 0.785815, 25.1591
37.8862, 88.1, 43.8, 79.1667, 139.3, 49864.5, 37188, 0.876307, 17.9879
96.3673, 71.8222, 51.7722, 55.4, 137.222, 50378.8, 36682.3, 0.768578, 59.9377
44.3337, 61.3056, 48.7083, 45.2778, 127.028, 50437.8, 36627.2, 0.847385, 21.6519
53.14, 72.8333, 132.488, 16.5714, 123.702, 49941, 37142.4, 0.802794, 26.2007
72.3642, 84.7097, 43.5645, 40.2661, 139.323, 50257.3, 36826.9, 0.792792, 40.86
61.6866, 79.23, 64.77, 44.92, 138.69, 50218.6, 36868.6, 0.780472, 31.4121
194.78, 58.9193, 138.823, 18.6589, 113.904, 50338.9, 36760.8, 0.646063, 132.74
111.345, 80.8163, 55.7704, 69.898, 133.918, 50391.2, 36714.2, 0.721465, 67.7022
37.2019, 70.5833, 64.2667, 21.7667, 132.05, 50458.2, 36643.4, 0.865337, 17.1751
63.4246, 56.8796, 106.352, 18.3981, 118.139, 50257.3, 36847.5, 0.793474, 33.5707
33.1975, 73.875, 36, 38.4792, 144.917, 50240.4, 36880.7, 0.887164, 15.0293
83.1621, 67.7639, 60.7917, 45.6667, 131.333, 50448.2, 36679, 0.756806, 46.9503
64.0756, 67.431, 105.94, 18.569, 127.155, 50328.9, 36803.8, 0.80888, 35.0864
79.1569, 76.1571, 49.3143, 62.6071, 139.521, 50447.9, 36688.2, 0.781917, 45.7877
37.9656, 69.2167, 61.2167, 49.2833, 139.017, 50205.2, 36933.6, 0.865505, 17.7119
54.6032, 61.8152, 40.1304, 44.2826, 139.402, 50220.9, 36921.4, 0.820612, 28.2038
140.864, 73.5152, 54.0227, 54.7348, 139.848, 50215.3, 36930.8, 0.679453, 88.0465
64.6806, 88.0648, 45.6389, 29.1481, 141.62, 50303.9, 36849.8, 0.805313, 35.3494
47.0049, 83.1184, 43.7368, 47.1447, 139.908, 50208.8, 36705.7, 0.860268, 24.179
85.7242, 62.1216, 101.899, 34.8176, 117.034, 50381.7, 36537.6, 0.721537, 45.7422
41.7727, 64.9688, 38.3281, 45.8281, 141.844, 50202.5, 36717.5, 0.800306, 18.1759
58.0205, 79.163, 32.3804, 64.2065, 143.174, 50025.7, 36896.2, 0.771855, 28.1806
43.0336, 97.1324, 47.5588, 26.7059, 138.662, 50304.9, 36622, 0.87101, 21.5785
64.4744, 63.95, 101.48, 21.1, 135.26, 50070.4, 36861.3, 0.730518, 30.3949
205.06, 89.4845, 66.018, 45.3119, 137.724, 50326.3, 36621.9, 0.624274, 136.194
45.7289, 65.4583, 125.708, 14.1389, 128.292, 50178.7, 36763.9, 0.819286, 21.5632
72.9149, 81.4167, 49.7045, 52.053, 138.53, 50386, 36559.5, 0.803976, 42.2049
195.901, 81.1071, 74.3469, 38.1352, 138.066, 50342.2, 36617.3, 0.655418, 136.807
43.3501, 93.7206, 39.5882, 57.8824, 140.191, 49877.2, 37077.7, 0.868174, 21.7105
45.0739, 95.1806, 41.7222, 61.2083, 139.819, 50356.6, 36600.5, 0.862566, 22.7955
53.4272, 89.4545, 39.6364, 93.8182, 139.227, 50394.3, 36571.5, 0.846573, 28.6032
61.7603, 77.4038, 49.4904, 50.0865, 129.394, 50371.9, 36602.9, 0.816858, 33.6944
35.7887, 70.4643, 44.3929, 65.7679, 141.286, 50322.9, 36670.5, 0.854111, 15.8915
35.2326, 65, 42.9464, 48.2679, 139.911, 50200.7, 36802.7, 0.878673, 16.1969
182.912, 63.2235, 64.1647, 38.1382, 125.576, 50411.7, 36615.8, 0.617911, 112.987
91.9825, 82.4938, 46.9437, 63.8438, 141.506, 50199.4, 36830.9, 0.749379, 53.8125
88.179, 73.5875, 35.25, 53.4938, 138.5, 50212.7, 36830.5, 0.771048, 52.7161
37.6073, 91.5333, 29.9667, 61.2, 143.5, 50157.1, 36884.1, 0.877169, 17.8159
273.363, 72.3285, 52.8157, 45.9891, 134.892, 50421.3, 36628.7, 0.591781, 193.475
190.94, 87.1432, 140.471, 29.7526, 131.339, 50247, 36591.3, 0.664238, 134.309
101.735, 72.0389, 75.5444, 71.2778, 136.533, 50314.7, 36522.2, 0.723348, 59.3605
201.047, 52.9028, 74.4, 15.0583, 134.547, 50549.9, 36292.5, 0.567823, 114.694
60.6514, 66.7788, 103.154, 15.7115, 136.452, 50073.8, 36761.8, 0.818115, 32.8667
199.055, 74.1064, 49.9202, 47.8457, 138.237, 50297.3, 36545.9, 0.621527, 129.396
159.564, 97.8604, 68.9026, 51.6007, 141.64, 50627.4, 36215.1, 0.687066, 107.938
52.9848, 91.2841, 62.5568, 95.5568, 129.534, 50356.8, 36479.7, 0.842716, 28.0558
211.066, 70.4975, 86.1837, 47.5332, 130.39, 50336.6, 36510.2, 0.601519, 134.516
64.8339, 86.0741, 48.7315, 37.9722, 137.981, 50284.5, 36554.9, 0.820444, 36.4796
90.8133, 89.0437, 117.175, 31.4813, 136.813, 50596.4, 36249.8, 0.765106, 54.4603
65.8445, 84.0982, 46.8661, 83.5089, 140.08, 50325.9, 36522.1, 0.816596, 37.0735
82.2609, 63.7578, 70.7266, 102.266, 140.641, 50183.7, 36667, 0.665974, 38.1286
69.2796, 76.5948, 53.8621, 81.5517, 140.784, 50320.9, 36528.9, 0.810308, 39.551
249.484, 98.5346, 77.9837, 48.5285, 141.695, 50634.9, 36229.2, 0.596671, 170.781
579.596, 82.6275, 64.453, 62.5747, 139.669, 50618.1, 36253.4, 0.467143, 418.926
51.693, 76.3095, 41.3571, 35.4167, 138.345, 49933.5, 36920.3, 0.837284, 26.7751
130.694, 74.4206, 131.73, 31.5119, 134.278, 50243.3, 36614.4, 0.726577, 87.0121
186.526, 75.9833, 92.9472, 42.4389, 138.911, 50584.4, 36281.6, 0.645645, 124.272
81.7085, 53.0643, 73.1357, 13.5714, 133.943, 50569.8, 36293.8, 0.726729, 43.0262
54.0457, 76.7174, 77.8913, 9.72826, 139.25, 50123.7, 36741.7, 0.845378, 29.0397
104.985, 69.6222, 62.3556, 45.3444, 143.267, 50592.5, 36286.6, 0.699157, 59.1324
169.293, 78.4567, 67.24, 27.58, 142.867, 50602, 36282, 0.605154, 97.5063
92.2048, 64.175, 62.1125, 52.5438, 136.031, 50330.5, 36550.4, 0.710663, 49.8769
62.3474, 72.6389, 85.0185, 43.2593, 136.722, 50274.9, 36605.5, 0.81591, 34.1165
358.133, 80.7103, 132.406, 25.9418, 122.944, 50648.4, 36252.4, 0.567372, 272.36
131.339, 60.0474, 102.427, 33.0474, 127.28, 50299.3, 36597.3, 0.640469, 72.5453
37.5828, 62.4833, 50.05, 32.1667, 138.983, 50181.1, 36714.3, 0.856449, 17.1715
266.441, 94.0056, 70.5522, 60.9254, 139.649, 50668.4, 36122.2, 0.600767, 190.429
262.904, 69.2367, 51.733, 55.1004, 138.299, 50223.2, 36569.1, 0.594511, 183.743
75.1609, 88.553, 56.0606, 45.0379, 136.205, 50261.6, 36525.5, 0.806295, 44.3611
100.772, 76.9333, 37.9056, 52.3167, 141.322, 50107.4, 36682, 0.745277, 61.2012
217.442, 67.7924, 95.7217, 24.6274, 130.962, 50540.9, 36252.3, 0.626451, 149.493
203.18, 75.6692, 98.952, 50.0152, 136.212, 50330.1, 36463.8, 0.639753, 139.352
314.337, 73.2067, 102.592, 50.6883, 137.833, 50571.3, 36228.1, 0.543609, 210.037
58.9243, 70.38, 60.7, 50.58, 136.45, 50346, 36450, 0.799928, 30.4293
93.3797, 77.6964, 65.7321, 27.006, 138.821, 50550, 36247.1, 0.763008, 56.5517
53.725, 79.8409, 147.591, 53.6023, 139.011, 50185.8, 36613.4, 0.825415, 27.7681
46.2476, 84.8421, 46.0263, 34.7632, 137.868, 50232.9, 36571.3, 0.86105, 23.6293
173.181, 64.8322, 90.0197, 55.8882, 136.289, 50111.3, 36707.2, 0.605623, 101.001
57.8362, 96.375, 49.0729, 51.0104, 137.979, 50278.8, 36539.1, 0.837429, 31.6953
342.332, 86.3848, 152.428, 41.1124, 132.777, 50214.9, 36617.2, 0.566553, 253.984
68.6349, 97.8833, 40.6917, 57.1583, 149.033, 50619.4, 36204.2, 0.802395, 38.4303
64.6232, 68.037, 45.1296, 115.852, 142.139, 50117.4, 36711.5, 0.771802, 33.1219
212.247, 78.0262, 120.895, 47.1333, 134.857, 50498.8, 36246.2, 0.631082, 145.768
116.077, 80.4031, 53.148, 62.5714, 137.148, 50204.8, 36542, 0.679212, 65.8263
42.4299, 92.2206, 35.7206, 39.2794, 143.779, 49927.1, 36816.4, 0.856862, 20.6134
104.088, 68.2128, 44.7819, 62.5585, 141.521, 50196.8, 36552.9, 0.736497, 63.1146
139.975, 64.1866, 92.4328, 29.3433, 131.918, 50565.9, 36183.2, 0.709098, 92.9843
50.0691, 73.3375, 36.775, 26.7, 145.438, 50083.3, 36667.7, 0.846272, 25.9354
85.6992, 72.3513, 39.1757, 46.1959, 140.568, 49942.2, 36812.9, 0.758733, 49.3029
62.7209, 93.4259, 39.1204, 25.7778, 142.759, 49923.2, 36832.8, 0.819552, 34.6543
62.0917, 83.41, 54.39, 36.51, 137.75, 50208.6, 36549.5, 0.78938, 32.2666
133.277, 85.0595, 55.254, 47.7183, 134.901, 50346.4, 36418.5, 0.701907, 85.0798
55.96, 75.9792, 48.125, 52.1042, 140.625, 50254.4, 36508.5, 0.822961, 29.3873
309.95, 63.4561, 73.4865, 32.8378, 133.742, 50533.1, 36245.7, 0.544868, 206.371
623.342, 65.9969, 112.134, 25.0509, 130.958, 50593.5, 36197.8, 0.457506, 452.855
87.1605, 79.475, 70.425, 71.0687, 134.512, 50330.3, 36442.6, 0.77856, 52.5644
61.5522, 72.3611, 90.8611, 21.1481, 134.944, 49911.2, 36862.7, 0.825114, 34.0338
252.184, 83.3169, 120.776, 41, 136.965, 50637.2, 36147.7, 0.616137, 182.123
378.495, 74.7819, 76.3694, 50.4597, 138.71, 50586.4, 36132.4, 0.500044, 244.837
120.52, 74.7328, 89.8621, 34.0302, 132.599, 50437.4, 36271.6, 0.727968, 77.2731
112.127, 89.9712, 34.3125, 45.8077, 142.659, 50410.7, 36298.2, 0.736564, 70.5752
128.419, 73.9333, 89.6042, 48.1167, 136.375, 50244, 36466.2, 0.694575, 79.2127
392.556, 69.9516, 112.003, 31.1414, 133.179, 50552.1, 36168.6, 0.513142, 268.833
46.1282, 80.5694, 35.5833, 29.8333, 143.028, 50036.5, 36673.2, 0.806942, 21.3544
945.127, 64.3475, 115.04, 34.8758, 127.234, 50515.2, 36225.7, 0.397482, 684.677
117.837, 89, 77.9, 62.5273, 139.1, 50299.4, 36416.8, 0.721966, 73.7859
73.9206, 63.4919, 56.2258, 36.3306, 142.645, 49911.9, 36803.6, 0.761862, 39.7408
66.1527, 68.3981, 58.75, 55.5926, 137.204, 49934.6, 36779.8, 0.793336, 35.7504
13.5446, 74, 64.9375, 27, 145, 50332.5, 36378.4, 0.844059, 3.63483
478.324, 63.057, 81.8101, 18.9525, 131.955, 50485.7, 36242.8, 0.48435, 331.586
77.3313, 59.4697, 59.0985, 52.7273, 132.5, 50322.1, 36395.5, 0.777182, 43.8118
115.364, 77.7885, 59.2788, 70.375, 139.577, 50321.4, 36402.7, 0.714558, 70.3776
140.461, 63.0625, 108.559, 59.6445, 133.551, 50468.4, 36259.7, 0.664389, 84.7695
226.355, 79.0376, 55.1593, 88.5376, 139.425, 50617.6, 36117.1, 0.621827, 157.022
99.1614, 102.843, 32.2442, 35.2558, 144.017, 50061.8, 36669.4, 0.732332, 58.1902
229.186, 68.6109, 97.4457, 34.2, 136.124, 50579.9, 36160.5, 0.626893, 161.937
213.677, 85.6682, 101.846, 56.9509, 134.339, 50445.5, 36299.7, 0.644845, 152.088
80.9342, 79.6458, 71.9167, 21.3403, 135.056, 50465.6, 36274, 0.793267, 48.3729
55.3863, 75.7396, 47.6458, 39.3438, 140.438, 50285.2, 36387.7, 0.83555, 29.603
360.784, 59.2132, 76.3236, 18.9862, 138.725, 50565.8, 36129.2, 0.489173, 220.464
65.3692, 93.4554, 112.42, 19.3125, 141.152, 49863.9, 36818.9, 0.823841, 37.1619
67.8848, 89.2069, 33.8362, 50.2414, 139.897, 49891.1, 36796.4, 0.795252, 37.2984
618.818, 63.6047, 99.7821, 27.8894, 132.855, 50487.9, 36223.6, 0.422142, 397.015
795.107, 64.7217, 106.482, 52.1341, 123.924, 50528.5, 36181.4, 0.414475, 562.549
213.202, 101.319, 76.1088, 74.3287, 140.542, 50496.4, 36202.5, 0.64923, 153.129
211.982, 77.5, 67.2549, 59.5931, 134.074, 50447.7, 36252.9, 0.613446, 139.44
202.537, 63.1418, 78.6392, 32.3789, 134.227, 50556.5, 36145.5, 0.622309, 133.057
77.6393, 61.2969, 59.7109, 50.1563, 138.18, 50056.7, 36639.5, 0.735816, 40.6023
266.127, 71.2913, 126.852, 67.4744, 125.413, 50354.4, 36290.4, 0.575612, 178.28
174.11, 90.686, 70.2073, 71.8902, 138.046, 50505.4, 36136.6, 0.663954, 116.873
122.697, 60.0769, 83.7837, 47.0721, 132.779, 50217.6, 36428.2, 0.650657, 67.074
754.03, 65.7621, 79.3333, 48.3394, 133.437, 50443.8, 36228.8, 0.409942, 511.023
212.469, 66.4877, 101.963, 27.8186, 122.699, 50247.2, 36414.5, 0.605947, 137.362
67.2685, 73.1207, 82.8534, 51.1379, 136.086, 50222.4, 36436.7, 0.798855, 37.0419
240.577, 58.6726, 75.4956, 51.9204, 128.184, 50371.8, 36295.4, 0.578508, 154.39
422.033, 75.7, 107.8, 59.3302, 128.572, 50359.1, 36310.5, 0.519066, 304.879
58.4384, 75.0625, 92.9375, 20.9271, 137.333, 49911.1, 36749.6, 0.800784, 30.1019
88.4933, 79.3919, 61.6757, 36.5676, 140.541, 49909.9, 36756.8, 0.714839, 47.3099
68.6198, 77.9569, 55.75, 20.3362, 143.172, 50617.8, 36050.9, 0.779379, 36.7765
583.084, 69.6115, 143.126, 46.6738, 116.438, 50353.7, 36271.5, 0.481574, 442.451
650.844, 91.5917, 160.389, 31.24, 125.006, 50514.1, 36129.5, 0.474149, 509.755
126.709, 64.8263, 85.4746, 32.3432, 128.258, 50583.1, 36048.7, 0.712191, 80.6079
727.089, 57.6077, 85.4081, 15.9503, 131.861, 50456.9, 36203.9, 0.421298, 504.126
67.8603, 90.7759, 40.3707, 77.3017, 145.698, 50591.4, 35982.4, 0.798347, 37.4959
555.28, 59.6145, 104.356, 28.3655, 129.453, 50331, 36261.2, 0.46039, 384.354
161.198, 73.8639, 66.1424, 58.5696, 137.402, 49878.4, 36700.2, 0.677941, 107.424
1913.08, 56.3587, 85.8862, 14.3613, 133.146, 50519.8, 36105.2, 0.302244, 1307.4
258.234, 71.8524, 77.7028, 51.8622, 138.124, 50574.1, 36015.9, 0.588663, 176.236
1136.36, 54.2908, 88.3798, 13.7591, 130.926, 50451.1, 36154.4, 0.369508, 809.063
894.473, 75.1524, 117.253, 31.2907, 129.086, 50543.2, 36062.8, 0.423161, 692.442
70.2801, 85.4919, 52.1774, 71.2177, 140.476, 50200.8, 36385.4, 0.804379, 39.9681
198.832, 77.1489, 72.2686, 41.3059, 136.976, 50305.5, 36289.3, 0.628692, 131.419
296.257, 86.2956, 141.123, 28.4679, 131.762, 50467.5, 36126.8, 0.579357, 211.445
411.32, 88.6667, 134.834, 24.0324, 132.362, 50554.5, 36047.1, 0.540073, 311.331
233.26, 121.154, 81.7863, 56.9081, 135.316, 50298.9, 36299.2, 0.630836, 167.845
430.358, 63.5154, 117.095, 32.8756, 128.141, 50356.8, 36247.3, 0.463227, 264.673
100.751, 60.0543, 104.625, 26.5, 133.799, 50072, 36521.3, 0.742409, 60.829
73.4378, 72.5547, 48, 39.9297, 141.516, 49881.3, 36715.2, 0.781082, 40.8506
513.146, 62.9685, 112.352, 56.6545, 128.474, 50242.3, 36377.2, 0.471371, 353.735
102.655, 99.9479, 53.5104, 43.3906, 138.172, 50279.5, 36326.6, 0.75821, 64.5695
74.5168, 69.4083, 39.1, 21.4, 140.817, 49889, 36719.2, 0.713278, 36.4371
1492.44, 66.9118, 103.09, 25.3345, 132.334, 50476.4, 36101.6, 0.34117, 1080.38
449.237, 58.2787, 91.3053, 21.9245, 130.993, 50455.1, 36104.6, 0.519097, 334.858
69.7292, 64.2333, 41.7, 30.7583, 138.4, 49938.2, 36611.6, 0.77322, 37.2263
80.793, 69.3786, 119.614, 36.6929, 131.179, 50065.7, 36492.8, 0.745475, 43.9525
646.025, 56.2043, 80.6785, 28.7457, 134.151, 50387, 36200.6, 0.397552, 387.024
199.517, 78.9245, 180.086, 38.4583, 107.232, 50338.8, 36233.8, 0.637928, 135.021
1733, 56.2161, 93.8402, 17.551, 128.387, 50353.2, 36204.6, 0.315856, 1204.22
41.847, 83.9265, 43.0147, 54.0882, 140.471, 50558.4, 35958.6, 0.870292, 20.6665
37.7251, 62.7, 70.7333, 53.6667, 134.85, 50172.3, 36347.5, 0.851944, 17.1331
396.011, 78.4671, 141.116, 25.4073, 127.202, 50232.3, 36304.3, 0.543082, 296.574
307.09, 65.0917, 109.307, 21.475, 130.352, 50244.1, 36291.4, 0.565978, 215.462
149.469, 82.2899, 145.272, 28.7283, 125.326, 50239.3, 36299.7, 0.699977, 100.63
84.9816, 90.2763, 80.0789, 41.1974, 140.822, 50567.8, 35969.9, 0.793754, 52.0943
294.761, 78.466, 76.6565, 50.7228, 136.039, 50514.6, 36033.2, 0.574272, 207.088
234.801, 78.2759, 114.571, 62.6422, 132.228, 50218.8, 36328.9, 0.608382, 160.542
384.551, 77.9812, 185.347, 30.9962, 106.893, 50330.1, 36224.1, 0.54789, 287.571
87.1161, 65.6154, 62.5256, 58.75, 135.397, 50523.8, 35975.1, 0.759786, 50.6359
122.671, 72.1455, 134.514, 17.2864, 122.305, 49976.6, 36525.3, 0.696361, 74.2399
431.23, 75.5102, 158.906, 68.1364, 119.199, 50312.5, 36197.4, 0.522716, 318.226
359.869, 71.9148, 116.151, 38.764, 133.092, 50404.3, 36108.6, 0.530511, 248.046
740.385, 90.3231, 153.212, 25.835, 123.213, 50532.9, 35988, 0.451775, 575.233
888.97, 59.7164, 99.2169, 12.103, 128.818, 50356.1, 36170.2, 0.410188, 654.754
125.952, 62.0259, 41.2759, 38.9009, 140.466, 49905.7, 36606.9, 0.6847, 75.3066
53.4794, 75.6667, 38.2619, 74.119, 144.94, 49927.4, 36586, 0.794207, 26.0288
794.612, 64.9228, 114.842, 17.0282, 131.654, 50297.7, 36244.9, 0.42084, 575.018
344.823, 98.4025, 49.5565, 91.1229, 136.905, 50535.7, 35942.8, 0.558138, 251.062
77.1731, 54.2353, 86.0735, 10.4559, 131.757, 50123, 36348.7, 0.784011, 44.2543
910.568, 56.3792, 99.2143, 12.2315, 131.529, 50063, 36435.2, 0.365091, 569.96
437.975, 70.6849, 95.8094, 67.3219, 135.032, 50486.4, 36008.2, 0.5051, 309.395
139.775, 72.9063, 61.3164, 36.1328, 138.547, 50196.9, 36287.2, 0.680611, 87.2503
3045.01, 55.9011, 90.5606, 15.8591, 131.979, 50387.4, 36144.8, 0.263344, 2135.22
324.788, 74.8521, 172.602, 52.4695, 105.959, 50305.7, 36184.6, 0.56488, 233.673
188.863, 91.9763, 115.758, 39.5632, 132.837, 50521.2, 35935.2, 0.662736, 131.675
1429.54, 62.6913, 109.324, 19.8577, 125.265, 50338.3, 36144, 0.353955, 1070.26
331.888, 78.2349, 104.313, 13.256, 135.929, 50269.6, 36196.4, 0.569594, 244.404
335.907, 69.2978, 76.5525, 73.9429, 132.519, 50453.9, 36016, 0.531216, 224.134
201.705, 66.3245, 117.46, 57.9734, 128.205, 50231.4, 36234.1, 0.61336, 129.397
149.291, 70.0714, 109.879, 17.0464, 123.779, 50276.1, 36195.9, 0.695437, 99.4739
93.3684, 77.0476, 38.3512, 51.8214, 139.917, 49837.2, 36583.9, 0.75403, 55.5465
105.607, 66.0714, 51.6276, 166.204, 133.939, 50409.5, 36010.9, 0.738807, 64.8051
280.761, 69.5863, 139.213, 55.9842, 123.16, 50287.4, 36140.8, 0.586379, 198.631
111.789, 74.6827, 60.4567, 65.9183, 136.442, 49865, 36561.8, 0.735794, 70.1471
156.875, 59.0399, 93.8225, 26.8225, 135.645, 50207.2, 36223.4, 0.631855, 92.7963
153.724, 71.691, 152.75, 39.3889, 120.878, 50274.7, 36154.1, 0.674571, 99.2948
153.375, 62.75, 137.903, 17.8438, 113.997, 50401.2, 36028.3, 0.662392, 96.2896
337.813, 76.8018, 98.1391, 17.2012, 136.601, 50253.1, 36183.8, 0.555701, 241.852
122.943, 63.3202, 65.8333, 44.386, 139.961, 50020.1, 36409.9, 0.700648, 75.1762
247.722, 74.5551, 124.127, 22.8326, 133.148, 50324.9, 36112.5, 0.583045, 163.221
97.2034, 83.2443, 43.4773, 34.4773, 136.551, 49835.3, 36595.2, 0.750178, 58.552
102.322, 60.7448, 104.719, 34.7969, 128.703, 49930.2, 36500.9, 0.745739, 62.6768
61.1478, 56.24, 97.36, 25.39, 128.8, 50183.2, 36253.6, 0.799011, 32.1125
466.796, 81.3481, 106.015, 15.4804, 133.891, 50261.1, 36189.8, 0.524874, 360.618
368.091, 71.4472, 97.2986, 13.9111, 133.844, 50252.1, 36199.2, 0.529433, 255.814
622.438, 75.1623, 159.713, 40.0724, 119.739, 50289.1, 36169, 0.468721, 468.586
181.699, 75.7088, 106.673, 41.0714, 127.865, 50463.2, 35920.5, 0.659719, 123.408
334.543, 82.9783, 138.264, 38.7659, 130.477, 49885.7, 36502, 0.566897, 245.588
200.865, 58.359, 91.4149, 6.9016, 130.396, 50263.6, 36129.9, 0.621675, 131.213
432.358, 73.073, 164.964, 19.1095, 106.798, 50234.5, 36162.8, 0.527386, 323.767
61.7681, 62.1296, 56.3241, 30.3241, 139.435, 50051.8, 36337.2, 0.809111, 33.2225
586.785, 56.4784, 81.7147, 25.5118, 136.304, 50358.8, 36057.3, 0.401389, 339.892
36.7457, 61.8833, 96.55, 6.56667, 128.417, 50099.1, 36303.9, 0.868316, 16.9473
201.475, 85.7214, 49.3906, 56.0677, 140.279, 49850.9, 36559.9, 0.623031, 132.242
116.593, 65.7924, 151.415, 22.8774, 119.693, 50246.2, 36162.7, 0.728567, 73.6184
114.402, 54.6755, 134.484, 15.4574, 106.346, 50090.1, 36319.9, 0.667438, 62.7396
148.784, 53.2609, 88.9529, 7.95652, 123.793, 49933.6, 36481, 0.667179, 92.9973
95.3654, 77.1047, 49.8721, 49.9767, 137.308, 50480.3, 35934.9, 0.76012, 58.0341
203.978, 85.0619, 151.577, 19.6436, 128.25, 50334.7, 36008.8, 0.646295, 142.329
1943.88, 55.9812, 87.845, 19.721, 132.378, 50295.5, 36085.2, 0.309602, 1388.31
240.552, 86.9508, 147.248, 20.9611, 125.211, 50347.6, 36007.2, 0.626333, 173.898
76.5915, 83.9632, 61.7794, 67.8824, 138.088, 50402.3, 35949.9, 0.788216, 44.1075
88.6722, 70.6149, 105.142, 88.6419, 140.378, 50108.6, 36248.5, 0.71727, 47.6957
37.264, 57.2679, 90.1429, 6.75, 125.232, 50457.6, 35898.5, 0.87016, 17.3623
221.519, 63.7551, 75.2727, 53.4318, 134.245, 50444.5, 35923.2, 0.562771, 130.884
396.045, 58.6073, 96.8774, 13.3962, 129.667, 50252.3, 36121.9, 0.552766, 304.581
157.408, 81.0705, 133.926, 29.4679, 126.785, 49877.3, 36494.1, 0.691725, 106.835
168.497, 75.2733, 61.4067, 54.5033, 137.44, 49847.7, 36529.3, 0.622184, 100.934
68.6591, 69.2417, 112.542, 47.5667, 136.675, 49888.3, 36481.3, 0.807533, 38.8206
287.456, 80.9443, 130.382, 60.0253, 129.172, 50350.6, 36030.6, 0.590176, 207.779
300.156, 60.7255, 94.2631, 58.9575, 133.297, 50145.3, 36169.6, 0.579212, 215.551
127.024, 57.6314, 97.1017, 15.7203, 133.377, 49820.6, 36489.2, 0.710913, 80.691
194.777, 84.3711, 151.812, 45.2577, 122.466, 49967.6, 36347.8, 0.658115, 136.469
56.2508, 74.6087, 75.2391, 80.7826, 138.13, 50175.6, 36136.1, 0.83537, 30.2891
736.934, 64.2629, 80.3569, 68.7466, 135.317, 49842.4, 36495.3, 0.424229, 519.778
237.399, 65.4693, 99.7127, 75.9912, 137.079, 50080.8, 36242.9, 0.589068, 155.504
404.8, 81.5424, 132.124, 64.6085, 131.434, 50107.4, 36220, 0.538711, 302.809
125.497, 63.7328, 95.9612, 61.0819, 137.095, 49852.5, 36469.7, 0.699453, 77.3324
286.064, 90.6946, 148.836, 35.0604, 137.577, 50033, 36295.1, 0.603167, 213.12
281.059, 77.9692, 120.654, 46.4457, 130.098, 50428.9, 35903.9, 0.574476, 192.92
129.445, 71.9655, 111.685, 71.9957, 138.237, 49985.3, 36344.2, 0.681305, 77.8778
107.817, 84.995, 134.015, 74.695, 133.65, 50001.5, 36327.6, 0.74056, 67.0875
139.942, 72.2852, 122.219, 18.4414, 137.004, 50024.2, 36307.8, 0.682972, 87.8619
565.192, 77.8066, 120.72, 62.2317, 132.792, 50325, 36021.1, 0.467247, 403.54
100.881, 98.0677, 137.667, 47.0417, 136.63, 50369.3, 35961.1, 0.76234, 63.4177
177.74, 59.4937, 71.4747, 80.4304, 139.487, 50140.5, 36196, 0.60253, 104.213
303.708, 66.2676, 102.408, 52.7025, 134.632, 49853.1, 36494.7, 0.542384, 198.801
53.7183, 76.8182, 118.852, 24.5795, 141.852, 49969.1, 36303.8, 0.833792, 28.1867
191.079, 54.5055, 79.5357, 17.1841, 129.874, 50379.7, 35901.5, 0.629046, 123.913
65.1029, 75.7589, 112.5, 12.125, 123.634, 49856.4, 36418.1, 0.829952, 37.3468
317.217, 77.5552, 126.345, 86.7607, 131.506, 50098.9, 36186.9, 0.58118, 235.382
84.0171, 68.4013, 103.664, 90.1776, 137.013, 50081.6, 36196.6, 0.788446, 50.6971
266.877, 66.4916, 91.5, 58.7164, 137.513, 50190.5, 36101.1, 0.538493, 161.998
90.5266, 71.8, 130.906, 72.7625, 128.156, 49978.5, 36304, 0.731212, 50.641
200.457, 64.1495, 79.0747, 49.0593, 134.281, 49919.2, 36372.2, 0.618486, 129.807
92.3188, 66.7622, 98.8719, 32.8963, 129.671, 50136.7, 36149.8, 0.755631, 54.7865
137.467, 70.6557, 115.094, 79.0861, 138.398, 50108.7, 36187, 0.669788, 83.0764
102.505, 80.8594, 121.677, 50.2917, 136.339, 50008.3, 36293.1, 0.760224, 64.6853
265.484, 69.998, 111.791, 44.0315, 133.815, 50209.2, 36100.2, 0.564586, 172.555
215.774, 78.105, 141.762, 40.7375, 130.235, 49989.8, 36317, 0.597258, 137.567
160.773, 64.9357, 96.9643, 39.625, 136.146, 50384.6, 35923.8, 0.602473, 89.6397
110.955, 80.3922, 75.1863, 96.1912, 140.373, 50291.2, 36015, 0.734189, 69.1367
182.032, 65.8362, 102.968, 67.3247, 129.448, 49833.8, 36476.1, 0.644909, 119.603
118.284, 62.9352, 106.653, 32.7685, 128.023, 49875.8, 36363, 0.698126, 70.5607
32.8459, 70.9038, 125.269, 26.8654, 126.596, 50356.5, 35879.6, 0.869056, 14.3406
243.056, 83.8297, 123.179, 60.5862, 130.614, 50347.1, 35902.2, 0.580233, 157.485
458.093, 70.8025, 109.529, 76.7132, 138.598, 50080.3, 36173.6, 0.486244, 312.597
131.203, 64.0431, 80.3621, 65.7543, 134.241, 49868.6, 36374.7, 0.672442, 77.9237
183.091, 63.006, 101.72, 62.8494, 135.934, 50049.1, 36206.5, 0.611001, 111.259
211.519, 72.9951, 130.574, 64.3554, 124.699, 50357.1, 35898.4, 0.625642, 143.149
82.3697, 74.3125, 53.0903, 141.951, 137, 49882.1, 36369.7, 0.755299, 46.1427
93.0185, 73.2857, 63.0833, 63.1845, 141.619, 50158.4, 36094.2, 0.763991, 56.3326
169.04, 77.3117, 77.0779, 73.6299, 135.737, 49848.5, 36409.8, 0.633279, 104.148
652.526, 76.2873, 120.418, 74.4383, 136.36, 50099.8, 36173.2, 0.446762, 468.042
88.4502, 92.5125, 66.4125, 99.3063, 140.325, 50191.9, 36074.8, 0.777787, 53.6554
1579.05, 62.5087, 96.2293, 44.1048, 136.529, 50046.6, 36249.5, 0.33675, 1153
182.806, 62.4655, 78.6437, 103.552, 136.997, 49893.9, 36377.4, 0.629586, 116.102
115.044, 72.9951, 52.2402, 71.0931, 136.294, 49845.1, 36366.3, 0.702102, 68.2607
1959.1, 56.6222, 88.8339, 34.1072, 134.631, 50022.2, 36231.5, 0.297759, 1324.81
75.5443, 79.3235, 58.7941, 68.2059, 134.456, 49853.4, 36358, 0.787122, 43.116
99.5128, 74.8466, 117.398, 33.8466, 132.483, 49909, 36303.8, 0.73782, 59.1586
142.777, 86.3246, 55.5037, 126.466, 141.22, 50154.8, 36061.7, 0.692236, 92.3932
329.399, 64.9969, 90.2302, 75.657, 139.322, 49997.9, 36230.2, 0.54655, 227.144
39.6131, 78.0625, 102.047, 72.0469, 136.391, 49827.8, 36388, 0.878125, 19.2915
205.269, 78.4853, 118.86, 53.9853, 135.069, 50136.2, 36087.3, 0.638871, 141.214
164.915, 64.4267, 94.2667, 84.31, 137.577, 50183.2, 36040.4, 0.632231, 100.11
131.012, 70.6535, 115.461, 69.3289, 134.789, 50055.7, 36167.4, 0.651393, 74.1318
9204.5, 56.4345, 89.3924, 16.9718, 131.933, 50249.8, 36059.4, 0.190973, 6929.99
52.3012, 82.9886, 63.6136, 105.841, 140.864, 49827.6, 36395.2, 0.839147, 27.34
229.785, 79.7234, 116.947, 91.1704, 130.562, 49890.1, 36344.1, 0.611785, 156.731
235.341, 62.0069, 94.1743, 41.7913, 135.739, 49978.9, 36251.7, 0.585331, 152.027
71.4447, 74.0887, 37.7984, 55.0645, 138.282, 49814.2, 36410.9, 0.79155, 39.9895
392.632, 59.776, 86.4295, 26.9876, 133.1, 49989.8, 36248.4, 0.536613, 287.571
525.527, 62.2917, 104.343, 50.624, 133.107, 49974.8, 36273.4, 0.463976, 358.022
695.558, 71.264, 111.397, 27.4544, 133.501, 50168.2, 36021.8, 0.438516, 500.901
520.86, 82.9135, 133.413, 67.3032, 133.739, 50050, 36139.7, 0.480394, 372.178
147.737, 62.5634, 65.2948, 43.3881, 140.28, 50010.3, 36164.4, 0.636672, 85.7791
987.463, 56.8083, 94.0605, 35.9739, 133.114, 49955.9, 36248.2, 0.358833, 627.181
182.059, 68.3989, 72.9017, 58.5899, 137.447, 50130.8, 36053.1, 0.652005, 121.61
423.445, 55.892, 90.7002, 14.0959, 128.62, 50282.1, 35917.4, 0.499126, 288.925
166.649, 69.0994, 95.3173, 89.8397, 134.577, 49872.9, 36319.5, 0.65144, 106.363
82.2528, 79.8355, 58.5789, 119.27, 137.467, 49885.5, 36305.3, 0.783433, 48.641
128.379, 70.5134, 78.4554, 55.5625, 137.125, 49899.7, 36297.7, 0.647636, 71.287
1652.38, 56.4371, 91.0361, 15.0399, 129.847, 50229.5, 36004.2, 0.337555, 1238.67
46.7152, 78.4737, 48.4474, 85.4474, 136.316, 50048.7, 36087.9, 0.850634, 23.5546
178.963, 72.4878, 103.985, 53.9055, 135.506, 50124, 36020, 0.616046, 108.853
110.103, 80.2647, 59.8431, 96.4069, 141.696, 49863.6, 36281.1, 0.738951, 69.0072
123.811, 78.2356, 52.5817, 75.6058, 134.606, 49816.7, 36333.7, 0.654912, 68.6572
91.7688, 85.6071, 89.6369, 118.53, 135.577, 49945.6, 36207.4, 0.768024, 55.6389
905.195, 53.9749, 86.7831, 15.9158, 127.239, 50260.7, 35913.9, 0.410327, 673.105
132.702, 63.678, 88.3475, 33.6864, 131.347, 49956.3, 36203, 0.673887, 79.5192
319.708, 65.3997, 84.0164, 42.9556, 133.789, 50216.8, 35956.5, 0.530495, 207.695
186.928, 72.7069, 58.4425, 60.8017, 137.759, 49983.8, 36184.4, 0.620749, 117.533
2931.5, 59.1232, 92.4852, 14.9046, 131.658, 50198.3, 36012.2, 0.278805, 2197.14
112.424, 78.14, 66.09, 56.79, 142.655, 50150.1, 36015.8, 0.701873, 65.9098
95.4398, 77.5581, 52.0058, 37.936, 141.634, 49937, 36229.5, 0.762054, 58.324
83.4919, 65.0857, 79.7143, 62.8286, 131.979, 49851.3, 36255.4, 0.738965, 45.5697
202.146, 67.1912, 98.9412, 35.6147, 132.265, 49894.4, 36219.2, 0.559023, 112.957
290.92, 75.8654, 124.717, 54.6066, 132.502, 50001.7, 36116.5, 0.581934, 207.131
444.399, 58.0255, 77.3265, 36.7051, 135.538, 50011.5, 36123.7, 0.471352, 285.07
142.353, 79.7948, 125.336, 88.4552, 132.526, 50111.7, 36007.6, 0.695192, 92.5723
318.809, 80.1899, 69.7896, 42.6503, 135.595, 49984.8, 36151.8, 0.554036, 220.738
2065.05, 55.3456, 87.8498, 16.0073, 128.495, 50236.2, 35924.7, 0.314125, 1553.55
97.6008, 72.2333, 50.7833, 119.294, 136.594, 49852.1, 36280.5, 0.747896, 58.643
381.885, 63.4566, 96.4566, 28.0487, 133.78, 50151, 35994, 0.51697, 260.838
399.986, 58.9694, 95.3738, 16.75, 125.7, 50120.7, 35955.9, 0.525886, 286.865
2088.1, 56.007, 80.0075, 33.8721, 130.348, 50190.2, 35923.5, 0.296486, 1448.46
1427.48, 59.9544, 81.8027, 30.9368, 132.675, 50163, 35947.3, 0.338567, 999.064
239.936, 73.9918, 115.459, 64.5451, 135.236, 50089.1, 35989.9, 0.626586, 173.336
407.364, 87.896, 106.344, 55.453, 136.306, 49973.9, 36108.7, 0.517337, 287.679
347.148, 73.0028, 107.402, 51.4446, 135.92, 49964.5, 36117.9, 0.558609, 253.927
251.441, 97.2362, 139.728, 72.626, 132.829, 50060.8, 36021.6, 0.617149, 181.766
109.824, 68.9063, 90.0729, 104.646, 137.911, 50083.5, 35995.9, 0.740697, 68.9888
404.665, 83.8291, 128.224, 79.2581, 134.427, 50091.7, 36002.8, 0.547988, 310.509
301.163, 59.472, 84.242, 25.456, 131.06, 49968, 36132.3, 0.472977, 159.859
168.549, 87.6349, 67.0066, 32.1217, 139.52, 49913.3, 36188.6, 0.620121, 100.479
239.525, 67.1977, 104.541, 53.8091, 133.264, 49980.7, 36120.6, 0.577452, 152.959
56.4395, 74.6042, 49.9896, 96.7188, 135.167, 49843.5, 36255, 0.819154, 29.5594
142.908, 70.8135, 106.504, 46.2421, 136.948, 49991, 36114.9, 0.658688, 85.8769
183.586, 63.5382, 102.906, 13.5235, 128.697, 49957.2, 36038.9, 0.61895, 113.898
72.739, 72.7258, 96.9677, 19.6774, 126.315, 50068.9, 35926.7, 0.803771, 42.0362
61.4402, 81.5648, 41.1204, 50.6204, 139.12, 50025, 35974.4, 0.826155, 34.0052
60.335, 70.5769, 56.6635, 25.375, 131.962, 49876.4, 36124.5, 0.82494, 33.0189
54.3011, 79.2609, 50.4457, 56.5217, 142.967, 50025.9, 35985.3, 0.842387, 29.0907
363.568, 83.1379, 143.477, 17.2075, 133.633, 49997.2, 36024.3, 0.565485, 277.194
63.4127, 79.5865, 36.9135, 98.2308, 139.587, 49885.9, 36148.2, 0.780325, 32.7304
173.165, 63.75, 59.5513, 112.718, 139.141, 50061.8, 35978.7, 0.615422, 103.449
323.581, 60.6016, 79.3048, 30.8597, 129.382, 50109.6, 35939.7, 0.533629, 213.357
85.9415, 95.7697, 75.4605, 66.8553, 137.526, 50102.4, 35938.5, 0.781016, 51.7092
114.485, 58.5686, 68.9265, 49.8922, 134.887, 50140.9, 35900.4, 0.702463, 67.8161
158.397, 54.8233, 68.4933, 30.7367, 130.29, 50152.8, 35898.7, 0.6481, 97.8042
190.358, 71.0964, 91.3646, 90.7109, 137.044, 50055.8, 35999.1, 0.661861, 132.978
200.186, 79.6909, 99.6021, 46.9274, 139.237, 49887.8, 36175.3, 0.61663, 128.962
42.419, 79.5441, 36.9118, 110, 134.882, 49855.3, 36200.5, 0.870568, 21.1018
49.116, 61.5658, 40.8421, 106.303, 135.934, 49847.8, 36210.6, 0.751013, 21.0659
159.755, 75.52, 74.96, 66.1833, 136.317, 49896.2, 36167.7, 0.677326, 105.841
